-- customers

INSERT INTO Customers (customerID,customerName,customerEmail,customerPhone,customerAddress) VALUES ('C051','Gabriel Finch','gabrielfinch@hotmail.com','018-191-6771','212-2260 Enim, Street');
INSERT INTO Customers (customerID,customerName,customerEmail,customerPhone,customerAddress) VALUES ('C052','Zoe Herring','zoeherring1743@outlook.com','010-404-6378','8493 Amet Road');
INSERT INTO Customers (customerID,customerName,customerEmail,customerPhone,customerAddress) VALUES ('C053','Tanner Hill','tannerhill8699@google.com','014-209-0762','Ap #190-9320 Tristique St.');
INSERT INTO Customers (customerID,customerName,customerEmail,customerPhone,customerAddress) VALUES ('C054','Hadassah Bartlett','hadassahbartlett@hotmail.com','019-333-4576','168-5852 Malesuada Av.');
INSERT INTO Customers (customerID,customerName,customerEmail,customerPhone,customerAddress) VALUES ('C055','Melodie Small','melodiesmall3899@hotmail.com','018-793-4650','873-3453 Blandit Rd.');
INSERT INTO Customers (customerID,customerName,customerEmail,customerPhone,customerAddress) VALUES ('C056','Edan Macias','edanmacias9651@google.com','014-819-7788','9797 Duis St.');
INSERT INTO Customers (customerID,customerName,customerEmail,customerPhone,customerAddress) VALUES ('C057','Victor Buchanan','victorbuchanan5744@hotmail.com','011-576-2696','Ap #583-8328 Ultricies Road');
INSERT INTO Customers (customerID,customerName,customerEmail,customerPhone,customerAddress) VALUES ('C058','Kameko Washington','kamekowashington5106@hotmail.com','016-286-5807','Ap #778-2592 Ut, Rd.');
INSERT INTO Customers (customerID,customerName,customerEmail,customerPhone,customerAddress) VALUES ('C059','Roanna Charles','roannacharles@yahoo.com','018-781-7687','Ap #556-8192 Maecenas Street');
INSERT INTO Customers (customerID,customerName,customerEmail,customerPhone,customerAddress) VALUES ('C060','Thaddeus Mclean','thaddeusmclean6977@google.com','016-658-8214','319-6873 Nunc Rd.');
INSERT INTO Customers (customerID,customerName,customerEmail,customerPhone,customerAddress) VALUES ('C061','Caesar Vazquez','caesarvazquez@outlook.com','018-461-8134','Ap #318-7781 Imperdiet Rd.');
INSERT INTO Customers (customerID,customerName,customerEmail,customerPhone,customerAddress) VALUES ('C062','Scarlett Moody','scarlettmoody5808@outlook.com','013-327-1078','767-8159 Eget Avenue');
INSERT INTO Customers (customerID,customerName,customerEmail,customerPhone,customerAddress) VALUES ('C063','Deirdre Church','deirdrechurch8384@hotmail.com','019-859-5197','P.O. Box 178, 3042 Quis Ave');
INSERT INTO Customers (customerID,customerName,customerEmail,customerPhone,customerAddress) VALUES ('C064','Arthur Bean','arthurbean@outlook.com','012-728-6551','352-176 Tellus. Rd.');
INSERT INTO Customers (customerID,customerName,customerEmail,customerPhone,customerAddress) VALUES ('C065','Irene Payne','irenepayne3508@outlook.com','012-339-2100','9267 Lorem, St.');
INSERT INTO Customers (customerID,customerName,customerEmail,customerPhone,customerAddress) VALUES ('C066','Bertha Blanchard','berthablanchard6853@outlook.com','017-002-1371','Ap #975-3288 Augue, St.');
INSERT INTO Customers (customerID,customerName,customerEmail,customerPhone,customerAddress) VALUES ('C067','Raja Phelps','rajaphelps3119@outlook.com','012-434-7246','P.O. Box 734, 6154 Lectus Ave');
INSERT INTO Customers (customerID,customerName,customerEmail,customerPhone,customerAddress) VALUES ('C068','Brett Compton','brettcompton6381@outlook.com','016-837-4182','Ap #820-5915 Erat St.');
INSERT INTO Customers (customerID,customerName,customerEmail,customerPhone,customerAddress) VALUES ('C069','Ivy Rush','ivyrush8498@yahoo.com','016-630-4135','2421 Risus, St.');
INSERT INTO Customers (customerID,customerName,customerEmail,customerPhone,customerAddress) VALUES ('C070','Lewis Colon','lewiscolon@hotmail.com','017-436-3369','765-648 Quis, Rd.');
INSERT INTO Customers (customerID,customerName,customerEmail,customerPhone,customerAddress) VALUES ('C071','Fallon Douglas','fallondouglas@yahoo.com','019-644-7468','P.O. Box 734, 8609 Nulla Ave');
INSERT INTO Customers (customerID,customerName,customerEmail,customerPhone,customerAddress) VALUES ('C072','Meredith Stevenson','meredithstevenson@yahoo.com','011-388-8041','P.O. Box 382, 1274 A Road');
INSERT INTO Customers (customerID,customerName,customerEmail,customerPhone,customerAddress) VALUES ('C073','Tyler Davis','tylerdavis1137@yahoo.com','015-488-8287','660 Sed Ave');
INSERT INTO Customers (customerID,customerName,customerEmail,customerPhone,customerAddress) VALUES ('C074','Violet Guthrie','violetguthrie6699@hotmail.com','013-380-1258','Ap #421-3444 Egestas Avenue');
INSERT INTO Customers (customerID,customerName,customerEmail,customerPhone,customerAddress) VALUES ('C075','Justin Dawson','justindawson2348@outlook.com','011-736-5301','P.O. Box 276, 1873 Arcu. St.');
INSERT INTO Customers (customerID,customerName,customerEmail,customerPhone,customerAddress) VALUES ('C076','Barry Mathews','barrymathews@outlook.com','012-651-7345','P.O. Box 199, 9115 Urna. Avenue');
INSERT INTO Customers (customerID,customerName,customerEmail,customerPhone,customerAddress) VALUES ('C077','Quail Adkins','quailadkins8168@yahoo.com','017-147-0278','Ap #184-8218 Mus. St.');
INSERT INTO Customers (customerID,customerName,customerEmail,customerPhone,customerAddress) VALUES ('C078','Uriah Stephens','uriahstephens@outlook.com','018-389-7433','Ap #446-9001 Auctor Avenue');
INSERT INTO Customers (customerID,customerName,customerEmail,customerPhone,customerAddress) VALUES ('C079','Ruby Herman','rubyherman2161@yahoo.com','015-248-4166','5658 Vehicula Av.');
INSERT INTO Customers (customerID,customerName,customerEmail,customerPhone,customerAddress) VALUES ('C080','Rae Russo','raerusso@hotmail.com','019-576-3218','Ap #665-8705 Ante. St.');
INSERT INTO Customers (customerID,customerName,customerEmail,customerPhone,customerAddress) VALUES ('C081','Iola Schneider','iolaschneider@yahoo.com','014-238-4758','Ap #927-142 Amet Av.');
INSERT INTO Customers (customerID,customerName,customerEmail,customerPhone,customerAddress) VALUES ('C082','Jerry Velasquez','jerryvelasquez@yahoo.com','014-891-7799','Ap #311-6295 Est, Av.');
INSERT INTO Customers (customerID,customerName,customerEmail,customerPhone,customerAddress) VALUES ('C083','Kirsten Rasmussen','kirstenrasmussen5725@google.com','010-167-5553','6903 In Rd.');
INSERT INTO Customers (customerID,customerName,customerEmail,customerPhone,customerAddress) VALUES ('C084','Kevyn Dennis','kevyndennis@google.com','010-638-6428','Ap #592-944 Eleifend. Rd.');
INSERT INTO Customers (customerID,customerName,customerEmail,customerPhone,customerAddress) VALUES ('C085','Hakeem Valdez','hakeemvaldez6953@hotmail.com','010-143-8625','5927 Ultrices Avenue');
INSERT INTO Customers (customerID,customerName,customerEmail,customerPhone,customerAddress) VALUES ('C086','Blake Hoffman','blakehoffman@hotmail.com','018-347-9679','725-3891 Eleifend Road');
INSERT INTO Customers (customerID,customerName,customerEmail,customerPhone,customerAddress) VALUES ('C087','Melyssa Mckay','melyssamckay5957@google.com','018-724-2623','Ap #140-4380 Natoque Rd.');
INSERT INTO Customers (customerID,customerName,customerEmail,customerPhone,customerAddress) VALUES ('C088','David Barry','davidbarry@google.com','018-288-6438','Ap #544-8984 Lorem, Ave');
INSERT INTO Customers (customerID,customerName,customerEmail,customerPhone,customerAddress) VALUES ('C089','Britanni Gutierrez','britannigutierrez@hotmail.com','015-884-1448','P.O. Box 145, 505 Ut, Rd.');
INSERT INTO Customers (customerID,customerName,customerEmail,customerPhone,customerAddress) VALUES ('C090','Eric Langley','ericlangley1618@yahoo.com','019-143-7645','Ap #108-7096 Cras Ave');
INSERT INTO Customers (customerID,customerName,customerEmail,customerPhone,customerAddress) VALUES ('C091','Karly Maxwell','karlymaxwell@hotmail.com','016-293-9164','191-6523 Eleifend. Road');
INSERT INTO Customers (customerID,customerName,customerEmail,customerPhone,customerAddress) VALUES ('C092','Sonia Glover','soniaglover@google.com','016-703-7413','1866 Donec Road');
INSERT INTO Customers (customerID,customerName,customerEmail,customerPhone,customerAddress) VALUES ('C093','Xander Gray','xandergray@yahoo.com','011-648-9337','Ap #997-6039 Urna Ave');
INSERT INTO Customers (customerID,customerName,customerEmail,customerPhone,customerAddress) VALUES ('C094','Giacomo Campbell','giacomocampbell4040@outlook.com','018-183-6218','P.O. Box 605, 6608 Donec Street');
INSERT INTO Customers (customerID,customerName,customerEmail,customerPhone,customerAddress) VALUES ('C095','Charde Fulton','chardefulton@outlook.com','017-729-1741','9149 Nulla. Av.');
INSERT INTO Customers (customerID,customerName,customerEmail,customerPhone,customerAddress) VALUES ('C096','Kay Paul','kaypaul5282@yahoo.com','019-766-6171','Ap #668-4027 Posuere St.');
INSERT INTO Customers (customerID,customerName,customerEmail,customerPhone,customerAddress) VALUES ('C097','Trevor Riley','trevorriley9871@yahoo.com','017-545-6101','2815 Eros Avenue');
INSERT INTO Customers (customerID,customerName,customerEmail,customerPhone,customerAddress) VALUES ('C098','Nash Hubbard','nashhubbard3771@yahoo.com','011-574-5573','3947 Conubia Street');
INSERT INTO Customers (customerID,customerName,customerEmail,customerPhone,customerAddress) VALUES ('C099','Candice Hall','candicehall@hotmail.com','014-977-0745','P.O. Box 253, 7709 Duis Avenue');
INSERT INTO Customers (customerID,customerName,customerEmail,customerPhone,customerAddress) VALUES ('C100','Aurora Donovan','auroradonovan9015@hotmail.com','015-438-4879','183-7742 Arcu. Rd.');
-- Orders

INSERT INTO Orders (orderID, orderDate, orderStatus, employeeID, customerID)  VALUES ('O0121', TO_DATE('08/30/2023', 'MM/DD/YYYY'), 'COMPLETED', 'E010', 'C051');
INSERT INTO Orders (orderID, orderDate, orderStatus, employeeID, customerID)  VALUES ('O0122', TO_DATE('08/30/2023', 'MM/DD/YYYY'), 'COMPLETED', 'E010', 'C051');
INSERT INTO Orders (orderID, orderDate, orderStatus, employeeID, customerID)  VALUES ('O0123', TO_DATE('09/01/2023', 'MM/DD/YYYY'), 'COMPLETED', 'E005', 'C052');
INSERT INTO Orders (orderID, orderDate, orderStatus, employeeID, customerID)  VALUES ('O0124', TO_DATE('09/01/2023', 'MM/DD/YYYY'), 'COMPLETED', 'E005', 'C052');
INSERT INTO Orders (orderID, orderDate, orderStatus, employeeID, customerID)  VALUES ('O0125', TO_DATE('09/01/2023', 'MM/DD/YYYY'), 'COMPLETED', 'E005', 'C053');
INSERT INTO Orders (orderID, orderDate, orderStatus, employeeID, customerID)  VALUES ('O0126', TO_DATE('09/01/2023', 'MM/DD/YYYY'), 'COMPLETED', 'E006', 'C054');
INSERT INTO Orders (orderID, orderDate, orderStatus, employeeID, customerID)  VALUES ('O0127', TO_DATE('09/01/2023', 'MM/DD/YYYY'), 'COMPLETED', 'E006', 'C055');
INSERT INTO Orders (orderID, orderDate, orderStatus, employeeID, customerID)  VALUES ('O0128', TO_DATE('09/01/2023', 'MM/DD/YYYY'), 'COMPLETED', 'E006', 'C056');
INSERT INTO Orders (orderID, orderDate, orderStatus, employeeID, customerID)  VALUES ('O0129', TO_DATE('09/01/2023', 'MM/DD/YYYY'), 'COMPLETED', 'E005', 'C057');
INSERT INTO Orders (orderID, orderDate, orderStatus, employeeID, customerID)  VALUES ('O0130', TO_DATE('09/01/2023', 'MM/DD/YYYY'), 'COMPLETED', 'E005', 'C057');
INSERT INTO Orders (orderID, orderDate, orderStatus, employeeID, customerID)  VALUES ('O0131', TO_DATE('09/01/2023', 'MM/DD/YYYY'), 'COMPLETED', 'E010', 'C058');

INSERT INTO Orders (orderID, orderDate, orderStatus, employeeID, customerID)  VALUES ('O0132', TO_DATE('09/02/2023', 'MM/DD/YYYY'), 'COMPLETED', 'E010', 'C059');
INSERT INTO Orders (orderID, orderDate, orderStatus, employeeID, customerID)  VALUES ('O0133', TO_DATE('09/02/2023', 'MM/DD/YYYY'), 'COMPLETED', 'E007', 'C060');
INSERT INTO Orders (orderID, orderDate, orderStatus, employeeID, customerID)  VALUES ('O0134', TO_DATE('09/02/2023', 'MM/DD/YYYY'), 'COMPLETED', 'E008', 'C061');
INSERT INTO Orders (orderID, orderDate, orderStatus, employeeID, customerID)  VALUES ('O0135', TO_DATE('09/02/2023', 'MM/DD/YYYY'), 'COMPLETED', 'E007', 'C062');
INSERT INTO Orders (orderID, orderDate, orderStatus, employeeID, customerID)  VALUES ('O0136', TO_DATE('09/02/2023', 'MM/DD/YYYY'), 'COMPLETED', 'E009', 'C063');
INSERT INTO Orders (orderID, orderDate, orderStatus, employeeID, customerID)  VALUES ('O0137', TO_DATE('09/02/2023', 'MM/DD/YYYY'), 'COMPLETED', 'E005', 'C064');
INSERT INTO Orders (orderID, orderDate, orderStatus, employeeID, customerID)  VALUES ('O0138', TO_DATE('09/02/2023', 'MM/DD/YYYY'), 'COMPLETED', 'E007', 'C065');
INSERT INTO Orders (orderID, orderDate, orderStatus, employeeID, customerID)  VALUES ('O0139', TO_DATE('09/02/2023', 'MM/DD/YYYY'), 'COMPLETED', 'E007', 'C066');
INSERT INTO Orders (orderID, orderDate, orderStatus, employeeID, customerID)  VALUES ('O0140', TO_DATE('09/02/2023', 'MM/DD/YYYY'), 'COMPLETED', 'E008', 'C067');

INSERT INTO Orders (orderID, orderDate, orderStatus, employeeID, customerID)  VALUES ('O0141', TO_DATE('09/03/2023', 'MM/DD/YYYY'), 'PROCESSING', 'E006', 'C068');
INSERT INTO Orders (orderID, orderDate, orderStatus, employeeID, customerID)  VALUES ('O0142', TO_DATE('09/03/2023', 'MM/DD/YYYY'), 'PROCESSING', 'E006', 'C069');
INSERT INTO Orders (orderID, orderDate, orderStatus, employeeID, customerID)  VALUES ('O0143', TO_DATE('09/03/2023', 'MM/DD/YYYY'), 'PROCESSING', 'E008', 'C070');
INSERT INTO Orders (orderID, orderDate, orderStatus, employeeID, customerID)  VALUES ('O0144', TO_DATE('09/03/2023', 'MM/DD/YYYY'), 'PROCESSING', 'E008', 'C071');
INSERT INTO Orders (orderID, orderDate, orderStatus, employeeID, customerID)  VALUES ('O0145', TO_DATE('09/03/2023', 'MM/DD/YYYY'), 'PROCESSING', 'E007', 'C072');
INSERT INTO Orders (orderID, orderDate, orderStatus, employeeID, customerID)  VALUES ('O0146', TO_DATE('09/03/2023', 'MM/DD/YYYY'), 'PROCESSING', 'E009', 'C073');
INSERT INTO Orders (orderID, orderDate, orderStatus, employeeID, customerID)  VALUES ('O0147', TO_DATE('09/03/2023', 'MM/DD/YYYY'), 'PROCESSING', 'E009', 'C074');
INSERT INTO Orders (orderID, orderDate, orderStatus, employeeID, customerID)  VALUES ('O0148', TO_DATE('09/03/2023', 'MM/DD/YYYY'), 'PROCESSING', 'E005', 'C075');
INSERT INTO Orders (orderID, orderDate, orderStatus, employeeID, customerID)  VALUES ('O0149', TO_DATE('09/03/2023', 'MM/DD/YYYY'), 'PROCESSING', 'E010', 'C076');
INSERT INTO Orders (orderID, orderDate, orderStatus, employeeID, customerID)  VALUES ('O0150', TO_DATE('09/03/2023', 'MM/DD/YYYY'), 'PROCESSING', 'E008', 'C077');
INSERT INTO Orders (orderID, orderDate, orderStatus, employeeID, customerID)  VALUES ('O0151', TO_DATE('09/03/2023', 'MM/DD/YYYY'), 'PROCESSING', 'E010', null);
INSERT INTO Orders (orderID, orderDate, orderStatus, employeeID, customerID)  VALUES ('O0152', TO_DATE('09/03/2023', 'MM/DD/YYYY'), 'PROCESSING', 'E006', null);
INSERT INTO Orders (orderID, orderDate, orderStatus, employeeID, customerID)  VALUES ('O0153', TO_DATE('09/03/2023', 'MM/DD/YYYY'), 'PROCESSING', 'E006', null);

-- Reservations

INSERT INTO Reservations (reservationID, reservationDate, reservationNoOfPeople, reservationStatus, customerID, tableID)  VALUES ('R051', TO_DATE('08/30/2023', 'MM/DD/YYYY'), 2, 'ARRIVED', 'C051', 'T11');
INSERT INTO Reservations (reservationID, reservationDate, reservationNoOfPeople, reservationStatus, customerID, tableID)  VALUES ('R052', TO_DATE('09/01/2023', 'MM/DD/YYYY'), 2, 'ARRIVED', 'C052', 'T12');
INSERT INTO Reservations (reservationID, reservationDate, reservationNoOfPeople, reservationStatus, customerID, tableID)  VALUES ('R053', TO_DATE('09/01/2023', 'MM/DD/YYYY'), 2, 'ARRIVED', 'C053', 'T10');
INSERT INTO Reservations (reservationID, reservationDate, reservationNoOfPeople, reservationStatus, customerID, tableID)  VALUES ('R054', TO_DATE('09/01/2023', 'MM/DD/YYYY'), 2, 'ARRIVED', 'C054', 'T11');
INSERT INTO Reservations (reservationID, reservationDate, reservationNoOfPeople, reservationStatus, customerID, tableID)  VALUES ('R055', TO_DATE('09/01/2023', 'MM/DD/YYYY'), 4, 'ARRIVED', 'C055', 'T01');
INSERT INTO Reservations (reservationID, reservationDate, reservationNoOfPeople, reservationStatus, customerID, tableID)  VALUES ('R056', TO_DATE('09/01/2023', 'MM/DD/YYYY'), 4, 'ARRIVED', 'C056', 'T03');
INSERT INTO Reservations (reservationID, reservationDate, reservationNoOfPeople, reservationStatus, customerID, tableID)  VALUES ('R057', TO_DATE('09/01/2023', 'MM/DD/YYYY'), 6, 'ARRIVED', 'C057', 'T05');
INSERT INTO Reservations (reservationID, reservationDate, reservationNoOfPeople, reservationStatus, customerID, tableID)  VALUES ('R058', TO_DATE('09/01/2023', 'MM/DD/YYYY'), 2, 'ARRIVED', 'C058', 'T10');

INSERT INTO Reservations (reservationID, reservationDate, reservationNoOfPeople, reservationStatus, customerID, tableID)  VALUES ('R059', TO_DATE('09/02/2023', 'MM/DD/YYYY'), 4, 'ARRIVED', 'C059', 'T03');
INSERT INTO Reservations (reservationID, reservationDate, reservationNoOfPeople, reservationStatus, customerID, tableID)  VALUES ('R060', TO_DATE('09/02/2023', 'MM/DD/YYYY'), 2, 'ARRIVED', 'C060', 'T09');
INSERT INTO Reservations (reservationID, reservationDate, reservationNoOfPeople, reservationStatus, customerID, tableID)  VALUES ('R061', TO_DATE('09/02/2023', 'MM/DD/YYYY'), 2, 'ARRIVED', 'C061', 'T11');
INSERT INTO Reservations (reservationID, reservationDate, reservationNoOfPeople, reservationStatus, customerID, tableID)  VALUES ('R062', TO_DATE('09/02/2023', 'MM/DD/YYYY'), 2, 'ARRIVED', 'C062', 'T12');
INSERT INTO Reservations (reservationID, reservationDate, reservationNoOfPeople, reservationStatus, customerID, tableID)  VALUES ('R063', TO_DATE('09/02/2023', 'MM/DD/YYYY'), 2, 'ARRIVED', 'C063', 'T10');
INSERT INTO Reservations (reservationID, reservationDate, reservationNoOfPeople, reservationStatus, customerID, tableID)  VALUES ('R064', TO_DATE('09/02/2023', 'MM/DD/YYYY'), 2, 'ARRIVED', 'C064', 'T11');
INSERT INTO Reservations (reservationID, reservationDate, reservationNoOfPeople, reservationStatus, customerID, tableID)  VALUES ('R065', TO_DATE('09/02/2023', 'MM/DD/YYYY'), 4, 'ARRIVED', 'C065', 'T01');
INSERT INTO Reservations (reservationID, reservationDate, reservationNoOfPeople, reservationStatus, customerID, tableID)  VALUES ('R066', TO_DATE('09/02/2023', 'MM/DD/YYYY'), 4, 'ARRIVED', 'C066', 'T02');
INSERT INTO Reservations (reservationID, reservationDate, reservationNoOfPeople, reservationStatus, customerID, tableID)  VALUES ('R067', TO_DATE('09/02/2023', 'MM/DD/YYYY'), 6, 'ARRIVED', 'C067', 'T06');

INSERT INTO Reservations (reservationID, reservationDate, reservationNoOfPeople, reservationStatus, customerID, tableID)  VALUES ('R068', TO_DATE('09/03/2023', 'MM/DD/YYYY'), 2, 'ARRIVED', 'C068', 'T11');
INSERT INTO Reservations (reservationID, reservationDate, reservationNoOfPeople, reservationStatus, customerID, tableID)  VALUES ('R069', TO_DATE('09/03/2023', 'MM/DD/YYYY'), 4, 'ARRIVED', 'C069', 'T02');
INSERT INTO Reservations (reservationID, reservationDate, reservationNoOfPeople, reservationStatus, customerID, tableID)  VALUES ('R070', TO_DATE('09/03/2023', 'MM/DD/YYYY'), 2, 'ARRIVED', 'C070', 'T09');
INSERT INTO Reservations (reservationID, reservationDate, reservationNoOfPeople, reservationStatus, customerID, tableID)  VALUES ('R071', TO_DATE('09/03/2023', 'MM/DD/YYYY'), 2, 'ARRIVED', 'C071', 'T10');
INSERT INTO Reservations (reservationID, reservationDate, reservationNoOfPeople, reservationStatus, customerID, tableID)  VALUES ('R072', TO_DATE('09/03/2023', 'MM/DD/YYYY'), 4, 'ARRIVED', 'C072', 'T01');
INSERT INTO Reservations (reservationID, reservationDate, reservationNoOfPeople, reservationStatus, customerID, tableID)  VALUES ('R073', TO_DATE('09/03/2023', 'MM/DD/YYYY'), 4, 'ARRIVED', 'C073', 'T04');
INSERT INTO Reservations (reservationID, reservationDate, reservationNoOfPeople, reservationStatus, customerID, tableID)  VALUES ('R074', TO_DATE('09/03/2023', 'MM/DD/YYYY'), 6, 'ARRIVED', 'C074', 'T07');
INSERT INTO Reservations (reservationID, reservationDate, reservationNoOfPeople, reservationStatus, customerID, tableID)  VALUES ('R075', TO_DATE('09/03/2023', 'MM/DD/YYYY'), 2, 'ARRIVED', 'C075', 'T09');
INSERT INTO Reservations (reservationID, reservationDate, reservationNoOfPeople, reservationStatus, customerID, tableID)  VALUES ('R076', TO_DATE('09/03/2023', 'MM/DD/YYYY'), 8, 'ARRIVED', 'C076', 'T15');
INSERT INTO Reservations (reservationID, reservationDate, reservationNoOfPeople, reservationStatus, customerID, tableID)  VALUES ('R077', TO_DATE('09/03/2023', 'MM/DD/YYYY'), 2, 'ARRIVED', 'C077', 'T12');

-- OrderReservations

INSERT INTO OrderReservations (orderReservationID, orderID, reservationID)  VALUES ('RT0101', 'O0121', 'R051');
INSERT INTO OrderReservations (orderReservationID, orderID, reservationID)  VALUES ('RT0102', 'O0122', 'R051');
INSERT INTO OrderReservations (orderReservationID, orderID, reservationID)  VALUES ('RT0103', 'O0123', 'R052');
INSERT INTO OrderReservations (orderReservationID, orderID, reservationID)  VALUES ('RT0104', 'O0124', 'R052');
INSERT INTO OrderReservations (orderReservationID, orderID, reservationID)  VALUES ('RT0105', 'O0125', 'R053');
INSERT INTO OrderReservations (orderReservationID, orderID, reservationID)  VALUES ('RT0106', 'O0126', 'R054');
INSERT INTO OrderReservations (orderReservationID, orderID, reservationID)  VALUES ('RT0107', 'O0127', 'R054');
INSERT INTO OrderReservations (orderReservationID, orderID, reservationID)  VALUES ('RT0108', 'O0128', 'R056');
INSERT INTO OrderReservations (orderReservationID, orderID, reservationID)  VALUES ('RT0109', 'O0129', 'R057');
INSERT INTO OrderReservations (orderReservationID, orderID, reservationID)  VALUES ('RT0110', 'O0130', 'R057');

INSERT INTO OrderReservations (orderReservationID, orderID, reservationID)  VALUES ('RT0111', 'O0131', 'R058');
INSERT INTO OrderReservations (orderReservationID, orderID, reservationID)  VALUES ('RT0112', 'O0132', 'R059');
INSERT INTO OrderReservations (orderReservationID, orderID, reservationID)  VALUES ('RT0113', 'O0133', 'R060');
INSERT INTO OrderReservations (orderReservationID, orderID, reservationID)  VALUES ('RT0114', 'O0134', 'R061');
INSERT INTO OrderReservations (orderReservationID, orderID, reservationID)  VALUES ('RT0115', 'O0135', 'R062');
INSERT INTO OrderReservations (orderReservationID, orderID, reservationID)  VALUES ('RT0117', 'O0137', 'R063');
INSERT INTO OrderReservations (orderReservationID, orderID, reservationID)  VALUES ('RT0116', 'O0136', 'R064');
INSERT INTO OrderReservations (orderReservationID, orderID, reservationID)  VALUES ('RT0118', 'O0138', 'R065');
INSERT INTO OrderReservations (orderReservationID, orderID, reservationID)  VALUES ('RT0119', 'O0139', 'R066');
INSERT INTO OrderReservations (orderReservationID, orderID, reservationID)  VALUES ('RT0120', 'O0140', 'R067');

INSERT INTO OrderReservations (orderReservationID, orderID, reservationID)  VALUES ('RT0121', 'O0141', 'R068');
INSERT INTO OrderReservations (orderReservationID, orderID, reservationID)  VALUES ('RT0122', 'O0142', 'R069');
INSERT INTO OrderReservations (orderReservationID, orderID, reservationID)  VALUES ('RT0123', 'O0143', 'R070');
INSERT INTO OrderReservations (orderReservationID, orderID, reservationID)  VALUES ('RT0124', 'O0144', 'R071');
INSERT INTO OrderReservations (orderReservationID, orderID, reservationID)  VALUES ('RT0125', 'O0145', 'R072');
INSERT INTO OrderReservations (orderReservationID, orderID, reservationID)  VALUES ('RT0127', 'O0147', 'R073');
INSERT INTO OrderReservations (orderReservationID, orderID, reservationID)  VALUES ('RT0126', 'O0146', 'R074');
INSERT INTO OrderReservations (orderReservationID, orderID, reservationID)  VALUES ('RT0128', 'O0148', 'R075');
INSERT INTO OrderReservations (orderReservationID, orderID, reservationID)  VALUES ('RT0129', 'O0149', 'R076');
INSERT INTO OrderReservations (orderReservationID, orderID, reservationID)  VALUES ('RT0130', 'O0150', 'R077');